page,brand_override_added,mobile_logo_rule_added,changed
about-us.html,yes,yes,yes
accessibility.html,yes,yes,yes
audit-preparation.html,yes,yes,yes
background-checks.html,yes,yes,yes
become-a-clearinghouse-consortium-third-party-administrator.html,yes,yes,yes
blog.html,yes,yes,yes
business-services.html,yes,yes,yes
checkout.html,yes,yes,yes
compliance-guidance.html,yes,yes,yes
consulting-services.html,yes,yes,yes
contact.html,yes,yes,yes
cookie-policy.html,yes,yes,yes
court-ordered-etg-drug-and-alcohol-testing.html,yes,yes,yes
disclaimer.html,yes,yes,yes
dna-tests-chicago-il.html,yes,yes,yes
donor-pass-location.html,yes,yes,yes
donor-pass-result.html,yes,yes,yes
donor-pass.html,yes,yes,yes
dot-breathalyzer-services.html,yes,yes,yes
dot-physical-exam-services.html,yes,yes,yes
dot-services.html,yes,yes,yes
dot-specimen-collector-training-group-training.html,yes,yes,yes
dot-specimen-collector-training.html,yes,yes,yes
dot-urine-drug-tests.html,yes,yes,yes
drug-alcohol-policy-creation.html,yes,yes,yes
faqs.html,yes,yes,yes
house-lab-account-setup.html,yes,yes,yes
index copy.html,yes,yes,yes
index.html,yes,yes,yes
industries-served.html,yes,yes,yes
join-our-collector-network.html,yes,yes,yes
mobile-drug-and-alcohol-testing.html,yes,yes,yes
new-entrant-audit.html,yes,yes,yes
non-dot-breathalyzer-services.html,yes,yes,yes
nursing-school-drug-tests.html,yes,yes,yes
order-confirmation.html,yes,yes,yes
personal-drug-and-alcohol-testing.html,yes,yes,yes
policy-review.html,yes,yes,yes
post-accident-testing-form.html,yes,yes,yes
post-accident-testing.html,yes,yes,yes
privacy.html,yes,yes,yes
program-assessment.html,yes,yes,yes
recordkeeping-review.html,yes,yes,yes
refund-policy.html,yes,yes,yes
service.html,yes,yes,yes
services.html,yes,yes,yes
specimen_collector_training_supplies.html,yes,yes,yes
start-a-mobile-drug-testing-business.html,yes,yes,yes
status.html,yes,yes,yes
terms.html,yes,yes,yes
testing-workflow-review.html,yes,yes,yes
workplace-drug-and-alcohol-testing.html,yes,yes,yes
