page,original_style_blocks,restored_style_blocks,restored_font_icon_links
about-us.html,2,1,0
accessibility.html,2,2,5
audit-preparation.html,2,1,0
background-checks.html,3,1,0
become-a-clearinghouse-consortium-third-party-administrator.html,2,1,0
blog.html,1,1,6
business-services.html,3,3,5
checkout.html,1,1,0
compliance-guidance.html,1,1,0
consulting-services.html,1,1,0
contact.html,1,1,4
cookie-policy.html,1,0,0
court-ordered-etg-drug-and-alcohol-testing.html,1,1,4
disclaimer.html,1,1,6
dna-tests-chicago-il.html,1,1,4
donor-pass-location.html,1,1,4
donor-pass-result.html,1,1,4
donor-pass.html,1,1,4
dot-breathalyzer-services.html,1,1,0
dot-physical-exam-services.html,2,2,4
dot-services.html,2,2,4
dot-specimen-collector-training-group-training.html,2,2,4
dot-specimen-collector-training.html,2,2,4
dot-urine-drug-tests.html,2,2,4
drug-alcohol-policy-creation.html,2,1,0
faqs.html,1,1,0
house-lab-account-setup.html,2,1,0
index copy.html,1,1,4
index.html,4,1,0
industries-served.html,2,1,0
join-our-collector-network.html,1,1,4
mobile-drug-and-alcohol-testing.html,2,1,0
new-entrant-audit.html,2,2,4
non-dot-breathalyzer-services.html,2,2,4
nursing-school-drug-tests.html,2,2,4
order-confirmation.html,1,1,0
personal-drug-and-alcohol-testing.html,1,1,4
policy-review.html,1,1,4
post-accident-testing-form.html,1,1,4
post-accident-testing.html,1,1,4
privacy.html,1,1,4
program-assessment.html,1,1,4
recordkeeping-review.html,1,1,4
refund-policy.html,1,1,6
service.html,1,1,0
services.html,2,1,0
specimen_collector_training_supplies.html,1,1,0
start-a-mobile-drug-testing-business.html,3,1,0
status.html,2,1,0
terms.html,1,1,6
testing-workflow-review.html,2,2,5
workplace-drug-and-alcohol-testing.html,2,2,5
