file,removed_class,removed_heading
about-us.html,cta about-cta,Find the right place to begin.
accessibility.html,cta,Preparing for an upcoming review?
audit-preparation.html,cta,Preparing for an upcoming review?
background-checks.html,cta,Need a background check?
become-a-clearinghouse-consortium-third-party-administrator.html,final-cta,Ready to Build Your Clearinghouse C/TPA Business?
business-services.html,cta,Ready to simplify business testing?
compliance-guidance.html,cta,Have a compliance question?
consulting-services.html,cta,Have a compliance question?
contact.html,cta,Ready to explore available services?
court-ordered-etg-drug-and-alcohol-testing.html,cta,Need court-ordered testing?
dna-tests-chicago-il.html,cta,Need a DNA test?
dot-breathalyzer-services.html,cta,Ready to order a DOT alcohol test?
dot-physical-exam-services.html,cta,Ready to schedule your DOT physical?
dot-services.html,cta,Ready to simplify your DOT testing process?
dot-specimen-collector-training-group-training.html,cta,Ready to train your team?
dot-specimen-collector-training.html,cta,Ready to become a DOT specimen collector?
dot-urine-drug-tests.html,cta,Ready to order a DOT urine test?
drug-alcohol-policy-creation.html,cta,Ready to create your policy?
house-lab-account-setup.html,lab-final-cta,Ready to Build Your Testing Operation?
index.html,cta,Ready to simplify your screening process?
industries-served.html,cta,Let's talk about your industry.
join-our-collector-network.html,cta,Ready to join the network?
mobile-drug-and-alcohol-testing.html,cta,Want testing at your workplace?
new-entrant-audit.html,cta,Need help preparing for your audit?
non-dot-breathalyzer-services.html,cta,Need a NON DOT breathalyzer test?
nursing-school-drug-tests.html,cta,Ready to complete your nursing school drug test?
personal-drug-and-alcohol-testing.html,cta,Ready to order your test?
policy-review.html,cta,Need a second look at your policy?
post-accident-testing.html,cta,Need post-accident testing support?
privacy.html,cta,Need a second look at your policy?
program-assessment.html,cta,Ready to take a closer look at your program?
recordkeeping-review.html,cta,Want a clearer recordkeeping process?
services.html,services-cta,Not sure which service is right?
specimen_collector_training_supplies.html,bottom-cta,Ready for your mock collections?
testing-workflow-review.html,cta,Ready to improve your testing workflow?
workplace-drug-and-alcohol-testing.html,cta,Need help with employer testing?
